qa_id,raw_prob_A,raw_prob_B,raw_prob_C,raw_prob_D
test_0001,0.20922327,0.20547655,0.19677964,0.23400843
test_0002,0.17161168,0.23129742,0.15539365,0.14180523
test_0003,0.16464615,0.17826961,0.17924148,0.18042874
test_0004,0.19626926,0.21352273,0.19978102,0.22498898
test_0005,0.21836753,0.19582964,0.23982066,0.22811079
test_0006,0.23892538,0.25914013,0.24466346,0.2774718
test_0007,0.21889107,0.2490537,0.25170156,0.20247021
test_0008,0.17951542,0.16379099,0.1989032,0.20714478
test_0009,0.24167815,0.23711696,0.25327906,0.25734082
test_0010,0.23361021,0.2060382,0.19649751,0.23202157
test_0011,0.20300314,0.21702655,0.2218316,0.2130209
test_0012,0.18727578,0.17302053,0.18573743,0.1761564
test_0013,0.16724195,0.18015595,0.17412592,0.21492691
test_0014,0.3005154,0.23190773,0.18212917,0.16086672
test_0015,0.21374947,0.24318787,0.3389329,0.19595757
test_0016,0.19057381,0.16176951,0.16638081,0.19861168
test_0017,0.1969499,0.18162517,0.17862125,0.16820695
test_0018,0.19371736,0.20797986,0.24181013,0.21005881
test_0019,0.23095825,0.20185167,0.18808986,0.28856477
test_0020,0.28043625,0.27143177,0.25761747,0.2791788
test_0021,0.26153743,0.38635102,0.31278467,0.32682386
test_0022,0.14722848,0.20239244,0.16697124,0.17169958
test_0023,0.1590458,0.20124187,0.18488117,0.17964095
test_0024,0.16614653,0.20316043,0.17330672,0.20955893
test_0025,0.19869855,0.21259436,0.19187225,0.1929197
test_0026,0.18140087,0.19420995,0.1626046,0.16948466
test_0027,0.38563198,0.21868797,0.27003768,0.23727857
test_0028,0.21580273,0.19121982,0.17547776,0.2590704
test_0029,0.16394675,0.17554478,0.1610044,0.2383566
test_0030,0.29574025,0.18587725,0.21583223,0.17594637
test_0031,0.17353408,0.17063068,0.1766604,0.16882253
test_0032,0.16710351,0.19067222,0.18932335,0.2714065
test_0033,0.17460993,0.18316476,0.206652,0.16796035
test_0034,0.24680786,0.2513547,0.21987925,0.24362004
test_0035,0.34833762,0.2530497,0.25463602,0.22275503
test_0036,0.23467788,0.25821322,0.25716567,0.23864602
test_0037,0.17547354,0.1611419,0.19759834,0.18525903
test_0038,0.1980133,0.21140884,0.27137426,0.32356066
test_0039,0.20368083,0.31706488,0.18505864,0.224031
test_0040,0.22811396,0.24635823,0.25133342,0.23266184
test_0041,0.18189847,0.20898142,0.16082749,0.1775691
test_0042,0.21171176,0.19193415,0.1874405,0.25174305
test_0043,0.18629465,0.19684127,0.20978224,0.18983561
test_0044,0.22228746,0.19844925,0.19267525,0.21346979
test_0045,0.20384991,0.18046284,0.19108744,0.1569018
test_0046,0.15954055,0.15444408,0.20766447,0.32415217
test_0047,0.25013602,0.25750327,0.2405263,0.35258904
test_0048,0.23914535,0.23609032,0.22035645,0.24472211
test_0049,0.18770659,0.21114832,0.20012112,0.23688689
test_0050,0.20996231,0.15944618,0.21003255,0.18487175
test_0051,0.22639363,0.24357659,0.22895348,0.31691554
test_0052,0.22097915,0.274522,0.19654116,0.21524267
test_0053,0.23996231,0.261038,0.23581618,0.25038484
test_0054,0.20378864,0.21227412,0.22437583,0.20410113
test_0055,0.22278686,0.17260504,0.20590937,0.220775
test_0056,0.21747208,0.19638231,0.20870176,0.16346394
test_0057,0.2410764,0.30641586,0.25709277,0.2626236
test_0058,0.16697446,0.1837237,0.20179904,0.17343107
test_0059,0.2266193,0.22982971,0.36344814,0.2826682
test_0060,0.26934797,0.207656,0.24726327,0.3207651
test_0061,0.251491,0.28330705,0.28563178,0.40344986
test_0062,0.17094953,0.17305143,0.17743346,0.22501554
test_0063,0.25494513,0.222195,0.30649877,0.2434416
test_0064,0.24966761,0.23405264,0.2692863,0.21625829
test_0065,0.22034235,0.22900453,0.21047722,0.21391779
test_0066,0.26173764,0.19403963,0.22104597,0.21372098
test_0067,0.22138143,0.20479216,0.23224884,0.21902485
test_0068,0.25503334,0.22106406,0.21851912,0.23776619
test_0069,0.23225026,0.19013928,0.21967208,0.19093579
test_0070,0.3331674,0.18678367,0.19705711,0.25431192
test_0071,0.25619972,0.25764424,0.24316807,0.22563677
test_0072,0.31459823,0.2245866,0.20446746,0.21607731
test_0073,0.2567334,0.2387965,0.24682827,0.24411182
test_0074,0.23530018,0.33364722,0.21694565,0.17933597
test_0075,0.20954172,0.25508997,0.24366233,0.24655217
test_0076,0.26332295,0.20420164,0.28710318,0.21028039
test_0077,0.23419309,0.18933038,0.21861269,0.23582774
test_0078,0.22585955,0.21976547,0.20697118,0.19691686
test_0079,0.23691198,0.23109224,0.30165923,0.23637208
test_0080,0.1873749,0.22110862,0.16105735,0.2337382
test_0081,0.23240007,0.20605622,0.25248644,0.2687344
test_0082,0.24241863,0.3261349,0.279926,0.25320378
test_0083,0.1800604,0.19101852,0.20321396,0.15629514
test_0084,0.17285101,0.1843559,0.21847236,0.20095393
test_0085,0.1803039,0.30140078,0.20440154,0.15986532
test_0086,0.2655852,0.21092048,0.22683685,0.26330942
test_0087,0.21840134,0.19684166,0.29329792,0.26774773
test_0088,0.28660795,0.2849693,0.24457972,0.26543558
test_0089,0.34448212,0.19760276,0.22552668,0.1866579
test_0090,0.20334546,0.20260477,0.2158936,0.20242117
test_0091,0.16306417,0.19753416,0.19660862,0.14177369
test_0092,0.20600925,0.18943745,0.15302077,0.17312299
test_0093,0.18421362,0.20799263,0.17347929,0.23633423
test_0094,0.18242481,0.18431482,0.15820888,0.33318377
test_0095,0.32312912,0.23887111,0.21064295,0.18467006
test_0096,0.24261114,0.24811602,0.21393166,0.2530322
test_0097,0.21595296,0.21387939,0.22113697,0.25364757
test_0098,0.189392,0.22776839,0.22785366,0.24321198
test_0099,0.21941136,0.21684009,0.22488755,0.17043039
test_0100,0.20618899,0.17989749,0.20345363,0.22384927
test_0101,0.21031052,0.21403861,0.25277856,0.22694515
test_0102,0.22268455,0.19790111,0.22216018,0.2010971
test_0103,0.21320488,0.26130322,0.21660139,0.2448831
test_0104,0.22414617,0.256699,0.2016481,0.23898242
test_0105,0.23416843,0.27099568,0.27391672,0.24937198
test_0106,0.24427985,0.26492363,0.2945192,0.27823803
test_0107,0.35202667,0.3234149,0.25883406,0.32236695
test_0108,0.3433693,0.27317977,0.26224115,0.29501837
test_0109,0.28598315,0.2853096,0.3314026,0.3019058
test_0110,0.23646039,0.24944322,0.2147371,0.2510799
test_0111,0.25965968,0.4004803,0.21027127,0.19656527
test_0112,0.3851402,0.41166154,0.5059837,0.44463593
test_0113,0.50465167,0.31147414,0.29390195,0.3658038
test_0114,0.34230807,0.47553593,0.34737247,0.32795933
test_0115,0.34638512,0.33199584,0.29698947,0.38976485
test_0116,0.32566953,0.38712373,0.32609397,0.42537674
test_0117,0.39213088,0.42628336,0.3018433,0.49289155
test_0118,0.34738067,0.49818024,0.50799114,0.46089762
test_0119,0.35785505,0.28395328,0.27805895,0.4774319
test_0120,0.45423684,0.30030218,0.36899298,0.27554768
test_0121,0.32436365,0.4092281,0.29333988,0.2936781
test_0122,0.39068848,0.30063254,0.3291781,0.41882637
test_0123,0.4604536,0.45439172,0.40966073,0.35635418
test_0124,0.35382298,0.38924927,0.43882507,0.24925633
test_0125,0.31571564,0.36184758,0.301179,0.5694414
test_0126,0.3236398,0.29372114,0.28900614,0.3438589
test_0127,0.34720024,0.27049565,0.31718168,0.5112112
test_0128,0.4172169,0.44098356,0.41101238,0.4122431
test_0129,0.44697303,0.429489,0.43344435,0.3820569
test_0130,0.4773556,0.44021773,0.4808438,0.4301129
test_0131,0.39986286,0.3281144,0.41239697,0.34090915
test_0132,0.35944498,0.42133355,0.42612898,0.46212086
test_0133,0.40282118,0.35207352,0.2944169,0.37453845
test_0134,0.56651723,0.38741687,0.39823702,0.35187107
test_0135,0.38512492,0.39949074,0.32521865,0.6352251
test_0136,0.32880154,0.24010813,0.28450373,0.28947374
test_0137,0.42030016,0.34429467,0.41583765,0.41552904
test_0138,0.53173226,0.51326156,0.32047766,0.33116886
test_0139,0.31150097,0.42374352,0.5369794,0.3224211
test_0140,0.343243,0.299349,0.5509575,0.2865056
test_0141,0.2893837,0.40263867,0.5546134,0.30202726
test_0142,0.5912706,0.30294585,0.3039129,0.43899477
test_0143,0.28581026,0.28594518,0.47206667,0.3269237
test_0144,0.34431732,0.33781052,0.33865142,0.30109802
test_0145,0.3505127,0.3847557,0.39467362,0.38330185
test_0146,0.33835888,0.4251739,0.5788336,0.42069986
test_0147,0.32750282,0.40913445,0.4457658,0.56189466
test_0148,0.38602906,0.3784162,0.39805365,0.4109863
test_0149,0.30558977,0.30998218,0.2992146,0.37095413
test_0150,0.35595572,0.5385772,0.36459127,0.3647472
test_0151,0.28522453,0.21409276,0.2106474,0.2486611
test_0152,0.3233982,0.32014236,0.3708637,0.29799673
test_0153,0.36249366,0.3440202,0.34390366,0.31293517
test_0154,0.29444888,0.31009609,0.2816248,0.32276985
test_0155,0.36509442,0.2709568,0.60102063,0.3261832
test_0156,0.31145322,0.3931855,0.59899795,0.446587
test_0157,0.36673298,0.33918256,0.32765964,0.3129614
test_0158,0.41461244,0.30152217,0.3014181,0.31199616
test_0159,0.28202745,0.37987483,0.3985721,0.28187808
test_0160,0.46216086,0.29600358,0.4028726,0.3860146
test_0161,0.27910808,0.28699964,0.29138786,0.26109543
test_0162,0.2635657,0.3597251,0.35133192,0.29745364
test_0163,0.28355873,0.27342677,0.344344,0.3518068
test_0164,0.42838314,0.3905474,0.35031077,0.3461275
test_0165,0.3395503,0.40359253,0.26069352,0.35700914
test_0166,0.26244786,0.30824968,0.3637687,0.3380362
test_0167,0.2256966,0.25831273,0.31606057,0.29602453
test_0168,0.3286651,0.41901734,0.29119608,0.31932148
test_0169,0.38964945,0.414371,0.40101224,0.35430655
test_0170,0.35561562,0.31875437,0.36168388,0.39595726
test_0171,0.276649,0.24997789,0.27959165,0.33271667
test_0172,0.34674537,0.32325763,0.34875214,0.3596221
test_0173,0.3008499,0.2648233,0.28139263,0.28266183
test_0174,0.2697608,0.31167948,0.28804865,0.30536854
test_0175,0.43219894,0.31650478,0.3734698,0.41072094
test_0176,0.3485784,0.33787033,0.3332131,0.3195265
test_0177,0.23354943,0.2893014,0.24584766,0.24221689
test_0178,0.31328455,0.22261588,0.24706978,0.24897887
test_0179,0.30371344,0.4151558,0.28888804,0.2917553
test_0180,0.35628667,0.37788108,0.4498728,0.33337852
test_0181,0.36047426,0.32051456,0.5173485,0.35421914
test_0182,0.3349344,0.41001847,0.35692656,0.35285208
test_0183,0.38761267,0.5052582,0.35488632,0.39002872
test_0184,0.23895498,0.35755318,0.35665774,0.39879212
test_0185,0.30213073,0.3181468,0.28669667,0.30929747
test_0186,0.3270037,0.31908923,0.30222386,0.30265668
test_0187,0.41148216,0.3389451,0.3457716,0.38403416
test_0188,0.41482383,0.39187616,0.34567964,0.42691395
test_0189,0.36386424,0.37937,0.39036185,0.38134342
test_0190,0.36177573,0.2720419,0.37958816,0.3723963
test_0191,0.3151962,0.33508137,0.3244571,0.32293957
test_0192,0.3096856,0.24077442,0.2647478,0.35776508
test_0193,0.32188353,0.2903222,0.30401036,0.3013787
test_0194,0.3546189,0.34673244,0.2962028,0.29665783
test_0195,0.23244002,0.27364263,0.26302457,0.2610408
test_0196,0.2641432,0.49591902,0.3630654,0.27104667
test_0197,0.3863689,0.24847472,0.2956338,0.24203321
test_0198,0.26758114,0.3651388,0.23807876,0.35886762
test_0199,0.22613528,0.31769156,0.23289987,0.23531334
test_0200,0.3146798,0.25111806,0.23608309,0.40572378
test_0201,0.26199585,0.27469012,0.2682147,0.22891168
test_0202,0.2630445,0.2745856,0.23992664,0.22423711
test_0203,0.31292376,0.40362567,0.28444934,0.5264206
test_0204,0.31072107,0.36360726,0.36153513,0.3344993
test_0205,0.32390076,0.47127637,0.631571,0.30642676
test_0206,0.2947997,0.36211511,0.38976246,0.39237615
test_0207,0.21506661,0.26603785,0.2257139,0.2824311
test_0208,0.24160127,0.27886117,0.29890278,0.23521516
test_0209,0.6612864,0.6158705,0.66357785,0.6473884
test_0210,0.649653,0.66692334,0.6473884,0.6612864
test_0211,0.66357785,0.6895943,0.6591448,0.6095362
test_0212,0.6390564,0.68228537,0.66387314,0.57137066
test_0213,0.66387314,0.65254885,0.59817606,0.6473884
test_0214,0.6213476,0.6390564,0.6612864,0.59817606
test_0215,0.65254885,0.63430595,0.68733615,0.6605283
test_0216,0.6605283,0.69221926,0.63430595,0.64999163
test_0217,0.57137066,0.75491154,0.6612864,0.67151946
test_0218,0.60507715,0.6612864,0.65254885,0.6591448
test_0219,0.69221926,0.6095362,0.5685214,0.6213476
test_0220,0.60315615,0.6316533,0.66387314,0.6742911
test_0221,0.6473884,0.69221926,0.65254885,0.6230761
test_0222,0.6382801,0.6066719,0.6473884,0.75491154
test_0223,0.58078146,0.6350516,0.6228898,0.5618805
test_0224,0.5349276,0.58424807,0.6350516,0.58687055
test_0225,0.60752606,0.5822308,0.59584326,0.6099604
test_0226,0.6029285,0.56918615,0.5377064,0.55317426
test_0227,0.5982658,0.6087166,0.5649006,0.6541167
test_0228,0.5938533,0.5582709,0.58672136,0.57209957
test_0229,0.63473487,0.6661706,0.6871472,0.72250205
test_0230,0.62378997,0.6735183,0.64158434,0.5654384
test_0231,0.52489096,0.5632184,0.5902298,0.5466589
test_0232,0.5484641,0.5938267,0.56896687,0.54018897
test_0233,0.56978565,0.62148994,0.60585093,0.6515244
test_0234,0.56999904,0.5278968,0.5656074,0.55190724
test_0235,0.60333437,0.58373004,0.56625295,0.61813956
test_0236,0.51890415,0.5474061,0.5482374,0.5581765
test_0237,0.6152073,0.52831155,0.54218435,0.560966
test_0238,0.5578161,0.53556204,0.5643473,0.60072
test_0239,0.60390157,0.652271,0.5863739,0.6557013
test_0240,0.55181503,0.6100599,0.54150754,0.5836004
test_0241,0.6027778,0.6069869,0.58591413,0.61737245
test_0242,0.6069869,0.5646066,0.5766806,0.6112249
test_0243,0.5426906,0.51248276,0.50326335,0.5351344
test_0244,0.5304798,0.5814515,0.57086337,0.51248276
test_0245,0.55863607,0.5458743,0.5690128,0.5481996
test_0246,0.57323796,0.5686656,0.5663193,0.5623196
test_0247,0.532865,0.57233334,0.5265123,0.51629424
test_0248,0.5899801,0.5278156,0.5658169,0.53979975
test_0249,0.5234941,0.66693795,0.6370773,0.56243974
test_0250,0.5347584,0.5476827,0.64458627,0.6385072
test_0251,0.53804123,0.6116702,0.5561876,0.59897023
test_0252,0.55752975,0.603711,0.5764798,0.5486401
test_0253,0.56365544,0.5536325,0.5503991,0.5309114
test_0254,0.5359996,0.5943281,0.540653,0.6484601
test_0255,0.53983986,0.5486299,0.593816,0.5600048
test_0256,0.6140009,0.593816,0.6094078,0.5730214
test_0257,0.6738078,0.64321995,0.60514724,0.59555775
test_0258,0.6625809,0.56378734,0.5057011,0.51271933
test_0259,0.5625685,0.57927877,0.60251236,0.624531
test_0260,0.5626329,0.5752663,0.6164086,0.6073929
test_0261,0.49052292,0.5036563,0.5452946,0.5205904
test_0262,0.5302216,0.640869,0.56637585,0.6097672
test_0263,0.5305715,0.6327175,0.5292066,0.6201717
test_0264,0.5918401,0.5783045,0.60966325,0.6328431
test_0265,0.5387189,0.50670445,0.5013587,0.5414393
test_0266,0.5380931,0.5414393,0.5358704,0.5484823
test_0267,0.6385072,0.6431695,0.61235416,0.5804954
test_0268,0.6318732,0.6370773,0.56910187,0.56391245
test_0269,0.5605814,0.59583163,0.6144194,0.5903201
test_0270,0.5511432,0.5748072,0.5852323,0.53633535
test_0271,0.49921185,0.57086337,0.5353069,0.541639
test_0272,0.5698592,0.537686,0.57178533,0.54572815
test_0273,0.60440004,0.60390157,0.6164962,0.5836503
test_0274,0.53054833,0.6489718,0.61728334,0.6284131
test_0275,0.55998176,0.5298902,0.58338183,0.5319998
test_0276,0.5972125,0.5318743,0.506428,0.56488454
test_0277,0.61012197,0.6563954,0.51248276,0.5039456
test_0278,0.52177054,0.5514339,0.56244534,0.5134821
test_0279,0.5685517,0.5073669,0.5149083,0.49459153
test_0280,0.5070005,0.4937969,0.54173535,0.53228384
test_0281,0.67226815,0.616175,0.56241566,0.6374487
test_0282,0.56267595,0.5469528,0.56241566,0.5997503
test_0283,0.56801814,0.6177084,0.55848557,0.5324388
test_0284,0.56498456,0.56978565,0.5916419,0.59557456
test_0285,0.5521619,0.5534378,0.55518275,0.55668837
test_0286,0.502153,0.5501046,0.500991,0.55313826
test_0287,0.67210484,0.5826267,0.6613396,0.59274787
test_0288,0.5527053,0.64291793,0.5475107,0.58379054
test_0289,0.6395589,0.6340874,0.56873304,0.5865958
test_0290,0.69229454,0.6861097,0.5838526,0.58207905
test_0291,0.6027,0.5610061,0.5789912,0.6198101
test_0292,0.53165257,0.54804885,0.5884261,0.542738
test_0293,0.58689886,0.53980446,0.58478063,0.5485752
test_0294,0.63125867,0.5630561,0.689732,0.55518275
test_0295,0.52675354,0.55105996,0.5436161,0.55865985
test_0296,0.6446358,0.56569743,0.591823,0.62676
test_0297,0.59708995,0.5578657,0.57296234,0.5905631
test_0298,0.5870253,0.5899393,0.54553205,0.56500036
test_0299,0.5418364,0.5997248,0.60593754,0.55313826
test_0300,0.52769077,0.5790782,0.5703449,0.55153406
test_0301,0.5790782,0.55981266,0.56125087,0.5696205
test_0302,0.69032633,0.6385072,0.6330671,0.56458354
test_0303,0.6385072,0.6871472,0.53555465,0.58457816
test_0304,0.49020743,0.5253724,0.5912633,0.51223207
test_0305,0.56848574,0.496738,0.5266087,0.53651315
test_0306,0.5667683,0.554814,0.5956282,0.5936336
test_0307,0.55974376,0.5993413,0.5708443,0.6040024
test_0308,0.6244957,0.5759557,0.6097633,0.6769012
test_0309,0.5624188,0.5742943,0.50261194,0.5509577
test_0310,0.5355086,0.5967855,0.5728983,0.62719756
test_0311,0.6080116,0.58385885,0.54637694,0.6320152
test_0312,0.5734867,0.69229466,0.69032633,0.58700895
test_0313,0.5895892,0.6379167,0.6039712,0.5557085
test_0314,0.5464644,0.567567,0.5881063,0.6194058
test_0315,0.54902536,0.60274315,0.52095973,0.6508267
test_0316,0.60026884,0.60397583,0.5673719,0.56812286
test_0317,0.6023066,0.5670606,0.5744079,0.5831558
test_0318,0.5607311,0.5585464,0.55106175,0.54743177
test_0319,0.5855776,0.49937695,0.5340752,0.55318785
test_0320,0.5685364,0.60555404,0.57011503,0.54394954
test_0321,0.557374,0.5187295,0.5724677,0.56748736
test_0322,0.5465281,0.5690191,0.55236256,0.5518761
test_0323,0.52700126,0.568947,0.5536213,0.55191267
test_0324,0.6023921,0.6655166,0.6670623,0.58587426
test_0325,0.5564133,0.5919302,0.5880034,0.6242757
test_0326,0.598444,0.5809851,0.610156,0.61244494
test_0327,0.60684484,0.5970661,0.5577375,0.5526426
test_0328,0.62165076,0.5871088,0.5827105,0.5365691
test_0329,0.58643574,0.5071182,0.51455545,0.5110621
test_0330,0.89032394,0.8884629,0.9104547,0.89355296
test_0331,0.8884629,0.9104547,0.89032394,0.89545405
test_0332,0.9104547,0.89804673,0.8998849,0.90254414
test_0333,0.90254414,0.89661574,0.9104547,0.8998849
test_0334,0.89661574,0.8880012,0.8855956,0.88324094
test_0335,0.8855956,0.8998849,0.89661574,0.8880012
test_0336,0.88246953,0.9104547,0.88440186,0.8817738
test_0337,0.9104547,0.88440186,0.8817738,0.88246953
test_0338,0.9104547,0.89660186,0.8942755,0.8884629
test_0339,0.87565386,0.8884629,0.9104547,0.89279926
test_0340,0.8998849,0.9104547,0.89660186,0.89661574
test_0341,0.89660186,0.8998849,0.90439487,0.9104547
test_0342,0.9104547,0.88100666,0.8960564,0.8852171
test_0343,0.89189225,0.8852171,0.9104547,0.8960564
test_0344,0.9104547,0.8966898,0.88324094,0.89660186
test_0345,0.89660186,0.9104547,0.8966898,0.88324094
test_0346,0.89605325,0.88324094,0.87565386,0.9104547
test_0347,0.88324094,0.9104547,0.89605325,0.87565386
test_0348,0.88440186,0.885927,0.89581656,0.9104547
test_0349,0.885927,0.89581656,0.9104547,0.88440186
test_0350,0.8880012,0.89804673,0.9104547,0.89660186
test_0351,0.9104547,0.89804673,0.8880012,0.89660186
test_0352,0.8884629,0.8880012,0.90439487,0.8998849
test_0353,0.8998849,0.8880012,0.89660186,0.8884629
test_0354,0.87565386,0.8855956,0.89043,0.8998849
test_0355,0.8855956,0.89043,0.8822041,0.8998849
test_0356,0.9104547,0.90439487,0.89804673,0.89032394
test_0357,0.9104547,0.89660186,0.89804673,0.89661574
test_0358,0.89804673,0.885927,0.88942516,0.8855956
test_0359,0.88100666,0.8861139,0.88942516,0.89804673
test_0360,0.3938813,0.37526333,0.38701952,0.412018
test_0361,0.3938813,0.38701952,0.412018,0.41195554
test_0362,0.37589714,0.3917698,0.41551375,0.3938813
test_0363,0.36832774,0.3938813,0.37589714,0.41551375
test_0364,0.39229602,0.412018,0.37232926,0.38940936
test_0365,0.37232926,0.41551375,0.39229602,0.412018
test_0366,0.39936954,0.3716539,0.41423208,0.38127446
test_0367,0.38127446,0.3716539,0.36257756,0.41423208
test_0368,0.41551375,0.40673995,0.39926505,0.36182332
test_0369,0.36182332,0.40673995,0.39926505,0.40875152
test_0370,0.40875152,0.4006184,0.37991714,0.41195554
test_0371,0.37991714,0.41195554,0.39685658,0.40875152
test_0372,0.3938813,0.42122304,0.37414458,0.41423208
test_0373,0.41423208,0.37414458,0.3938813,0.39855528
test_0374,0.37991714,0.36182332,0.40673995,0.43248108
test_0375,0.37991714,0.36182332,0.39685658,0.40673995
test_0376,0.38940936,0.3938813,0.37232926,0.41551375
test_0377,0.41551375,0.50122625,0.38940936,0.37232926
test_0378,0.37355453,0.38701952,0.41423208,0.3782522
test_0379,0.41423208,0.39168245,0.3782522,0.37355453
test_0380,0.41195554,0.36257756,0.37287638,0.412018
test_0381,0.41195554,0.37287638,0.37526333,0.412018
test_0382,0.39229602,0.4168274,0.37526333,0.39685658
test_0383,0.41423208,0.4168274,0.37526333,0.39685658
test_0384,0.42122304,0.37589714,0.4006184,0.38940936
test_0385,0.37526333,0.39685658,0.4168274,0.40673995
test_0386,0.41423208,0.3782522,0.37355453,0.412018
test_0387,0.3782522,0.3716539,0.41423208,0.37355453
test_0388,0.37991714,0.38586485,0.42122304,0.3716539
test_0389,0.42122304,0.37991714,0.39926505,0.3716539
test_0390,0.42122304,0.43248108,0.36832774,0.41423208
test_0391,0.41423208,0.36832774,0.42122304,0.37283567
test_0392,0.412018,0.3531677,0.41423208,0.4168274
test_0393,0.41423208,0.43248108,0.4168274,0.412018
test_0394,0.40673995,0.412018,0.39229602,0.3812242
test_0395,0.40673995,0.36582398,0.39229602,0.412018
test_0396,0.412018,0.41551375,0.41195554,0.42122304
test_0397,0.39229602,0.39926505,0.412018,0.40673995
test_0398,0.42122304,0.37526333,0.39229602,0.38701952
test_0399,0.38701952,0.37526333,0.42122304,0.38014108
test_0400,0.37506232,0.38701952,0.38127446,0.3838945
test_0401,0.41195554,0.3838945,0.38701952,0.38127446
test_0402,0.41195554,0.4203468,0.38841,0.3840293
test_0403,0.4006184,0.3840293,0.38841,0.41195554
test_0404,0.41195554,0.41423208,0.38940936,0.3531677
test_0405,0.41423208,0.38940936,0.38527605,0.41195554
test_0406,0.3838945,0.39685658,0.42122304,0.37506232
test_0407,0.39685658,0.39855528,0.42122304,0.37506232
test_0408,0.412018,0.4168274,0.41195554,0.41423208
test_0409,0.4168274,0.412018,0.41423208,0.38014108
test_0410,0.41433686,0.38701952,0.4614,0.37526333
test_0411,0.41433686,0.38709626,0.4614,0.38701952
test_0412,0.38527605,0.41423208,0.40673995,0.39685658
test_0413,0.39685658,0.37991714,0.40673995,0.41423208
test_0414,0.38841,0.412018,0.42122304,0.37287638
test_0415,0.40875152,0.42122304,0.412018,0.37287638
test_0416,0.41423208,0.3716539,0.42122304,0.36832774
test_0417,0.39855528,0.42122304,0.3716539,0.41423208
test_0418,0.37589714,0.38701952,0.42122304,0.36182332
test_0419,0.36182332,0.42122304,0.38701952,0.38014108
test_0420,0.4006184,0.39685658,0.38701952,0.40673995
test_0421,0.38701952,0.38586485,0.40673995,0.39685658
test_0422,0.4006184,0.38519064,0.41195554,0.38527605
test_0423,0.41195554,0.37589714,0.4006184,0.38519064
test_0424,0.3716539,0.41423208,0.412018,0.41195554
test_0425,0.40673995,0.41423208,0.41195554,0.3716539
test_0426,0.38527605,0.38127446,0.36257756,0.4203468
test_0427,0.38127446,0.38527605,0.37414458,0.36257756
test_0428,0.3938813,0.43248108,0.38701952,0.39685658
test_0429,0.38701952,0.37232926,0.3938813,0.39685658
test_0430,0.37589714,0.41195554,0.41423208,0.412018
test_0431,0.412018,0.37506232,0.3782522,0.36582398
test_0432,0.38586485,0.36582398,0.3782522,0.412018
test_0433,0.39685658,0.38127446,0.41423208,0.39936954
test_0434,0.38127446,0.39685658,0.41423208,0.40875152
test_0435,0.41423208,0.38841,0.37991714,0.42122304
test_0436,0.41423208,0.4168274,0.37991714,0.42122304
test_0437,0.40185702,0.41423208,0.39229602,0.41433686
test_0438,0.40185702,0.41423208,0.41433686,0.3716539
test_0439,0.39685658,0.36582398,0.36257756,0.4168274
test_0440,0.4168274,0.39685658,0.36582398,0.38947496
test_0441,0.43248108,0.3716539,0.41423208,0.38527605
test_0442,0.41423208,0.40673995,0.43248108,0.3716539
test_0443,0.36257756,0.42122304,0.37991714,0.40875152
test_0444,0.42122304,0.40875152,0.36257756,0.37506232
test_0445,0.41551375,0.3782522,0.37287638,0.40185702
test_0446,0.39936954,0.37287638,0.3782522,0.41551375
test_0447,0.38940936,0.38586485,0.41195554,0.38709626
test_0448,0.38709626,0.38940936,0.41195554,0.3716539
test_0449,0.40673995,0.38940936,0.38701952,0.39685658
test_0450,0.40673995,0.41195554,0.39685658,0.38701952
test_0451,0.412018,0.38014108,0.38533765,0.41195554
test_0452,0.40673995,0.39685658,0.38701952,0.38527605
test_0453,0.3917698,0.3531677,0.40673995,0.3716539
test_0454,0.4006184,0.3716539,0.3917698,0.40673995
test_0455,0.41195554,0.4168274,0.412018,0.41423208
test_0456,0.41423208,0.412018,0.41195554,0.4614
test_0457,0.42122304,0.39685658,0.39926505,0.41423208
test_0458,0.41423208,0.42122304,0.36182332,0.39685658
test_0459,0.38519064,0.37414458,0.36182332,0.42122304
test_0460,0.42122304,0.37414458,0.36182332,0.40673995
test_0461,0.41195554,0.38841,0.37414458,0.38709626
test_0462,0.38533765,0.41195554,0.37414458,0.38709626
test_0463,0.38127446,0.41423208,0.3716539,0.40185702
test_0464,0.41423208,0.3716539,0.40673995,0.38127446
test_0465,0.412018,0.41195554,0.38127446,0.39926505
test_0466,0.41195554,0.3840293,0.412018,0.39926505
test_0467,0.39685658,0.38701952,0.50122625,0.42122304
test_0468,0.41195554,0.42122304,0.50122625,0.39685658
test_0469,0.412018,0.38127446,0.3531677,0.38701952
test_0470,0.412018,0.38127446,0.3716539,0.38701952
test_0471,0.4531962,0.39960015,0.42808855,0.38261348
test_0472,0.4617728,0.42808855,0.39960015,0.38261348
test_0473,0.4231113,0.44580966,0.47083873,0.38261348
test_0474,0.4231113,0.44580966,0.43661064,0.38261348
test_0475,0.37460288,0.41743642,0.44580966,0.38261348
test_0476,0.43805698,0.4231113,0.40543815,0.38261348
test_0477,0.42808855,0.40419787,0.47083873,0.38261348
test_0478,0.5356511,0.44580966,0.40419787,0.38261348
test_0479,0.41682214,0.39341003,0.41189098,0.38261348
test_0480,0.41682214,0.42863858,0.41189098,0.38261348
test_0481,0.40715316,0.39618242,0.47083864,0.38261348
test_0482,0.43805698,0.4071531,0.37897208,0.38261348
test_0483,0.40543815,0.48948735,0.37897208,0.38261348
test_0484,0.38896695,0.41743642,0.4106355,0.38261348
test_0485,0.4071531,0.44580966,0.37009802,0.38261348
test_0486,0.37009802,0.44580966,0.37460288,0.38261348
test_0487,0.50080734,0.40419787,0.39485505,0.38261348
test_0488,0.42808855,0.44580966,0.47083873,0.38261348
test_0489,0.3825534,0.40419787,0.47083873,0.38261348
test_0490,0.47083873,0.38381582,0.41736698,0.38261348
test_0491,0.3996913,0.41682214,0.3825534,0.38261348
test_0492,0.48948735,0.3996913,0.37009802,0.38261348
test_0493,0.4071531,0.36627913,0.42161027,0.38261348
test_0494,0.43805698,0.4657405,0.37460288,0.38261348
test_0495,0.41189098,0.3934837,0.37460288,0.38261348
test_0496,0.39618248,0.4531962,0.38381582,0.38261348
test_0497,0.39341003,0.4071531,0.38381582,0.38261348
test_0498,0.39341003,0.4106355,0.3545584,0.38261348
test_0499,0.39341003,0.4106355,0.4657405,0.38261348
test_0500,0.39341003,0.4106355,0.4657405,0.38261348
test_0501,0.40419787,0.4657405,0.5356511,0.38261348
test_0502,0.40419787,0.4657405,0.44580966,0.38261348
test_0503,0.4657405,0.44580966,0.40419787,0.38261348
test_0504,0.4071531,0.36627913,0.40543815,0.38261348
test_0505,0.42863858,0.38896695,0.4071531,0.38261348
test_0506,0.41189098,0.42808855,0.38896695,0.38261348
test_0507,0.5356511,0.50080734,0.36627913,0.38261348
test_0508,0.363985,0.38896695,0.38381582,0.38261348
test_0509,0.363985,0.4617728,0.39485505,0.38261348
test_0510,0.41736698,0.48948735,0.4657405,0.38261348
test_0511,0.41736698,0.48948735,0.41682214,0.38261348
test_0512,0.42161027,0.37009802,0.39598575,0.38261348
test_0513,0.37009802,0.3934837,0.41743642,0.38261348
test_0514,0.4531962,0.37460288,0.39618248,0.38261348
test_0515,0.40419787,0.4106355,0.3798107,0.38261348
test_0516,0.4071531,0.40419787,0.3798107,0.38261348
test_0517,0.41602436,0.38381582,0.363985,0.38261348
test_0518,0.38381582,0.38896695,0.41602436,0.38261348
test_0519,0.5356511,0.4106355,0.41736695,0.38261348
test_0520,0.41682214,0.37460288,0.41602436,0.38261348
test_0521,0.4617728,0.3798107,0.4072483,0.38261348
test_0522,0.5131135,0.4943342,0.49113056,0.5305281
test_0523,0.49113056,0.5305281,0.4943342,0.5131135
test_0524,0.5305281,0.49113056,0.4943342,0.5131135
test_0525,0.4943342,0.5305281,0.49113056,0.5131135
test_0526,0.46806467,0.5147017,0.51287395,0.52601427
test_0527,0.51051724,0.5433201,0.52601427,0.5147017
test_0528,0.50156903,0.5051663,0.4862568,0.5108218
test_0529,0.5051663,0.53621745,0.5108218,0.50156903
test_0530,0.4951907,0.52601427,0.5087502,0.5064459
test_0531,0.5064459,0.5262161,0.52601427,0.5087502
test_0532,0.46806467,0.52601427,0.51051724,0.5147017
test_0533,0.51051724,0.5147017,0.52601427,0.5433201
test_0534,0.51287395,0.51051724,0.5147017,0.5433201
test_0535,0.49713132,0.51051724,0.5433201,0.5147017
test_0536,0.5147017,0.5433201,0.49713132,0.46806467
test_0537,0.49713132,0.46806467,0.5147017,0.51051724
test_0538,0.5395051,0.5305281,0.5383763,0.54912966
test_0539,0.54912966,0.5383763,0.5343359,0.5305281
test_0540,0.54912966,0.5395051,0.5305281,0.5383763
test_0541,0.4951907,0.47764087,0.5305281,0.5064459
test_0542,0.47764087,0.5305281,0.49113056,0.49713132
test_0543,0.5424957,0.5136643,0.51324147,0.5331021
test_0544,0.50772274,0.52325225,0.5622755,0.5134675
test_0545,0.5622755,0.54660976,0.52325225,0.54754674
test_0546,0.57109284,0.5312397,0.57961935,0.5602867
test_0547,0.47142547,0.5450646,0.47883856,0.52366084
test_0548,0.5381669,0.47142547,0.5526085,0.5622755
test_0549,0.55210227,0.50772274,0.52371424,0.47142547
test_0550,0.47883856,0.50600123,0.5381669,0.51324147
test_0551,0.5134675,0.5228496,0.5652051,0.54249567
test_0552,0.5134675,0.5602867,0.5424957,0.57109284
test_0553,0.5424957,0.57961935,0.5726604,0.5134675
test_0554,0.57109284,0.5312397,0.52366084,0.5381669
test_0555,0.5450647,0.5228496,0.51366425,0.53816676
test_0556,0.54754674,0.5381669,0.65526557,0.5602867
test_0557,0.63155746,0.65526557,0.47883856,0.5331021
test_0558,0.47142547,0.51761323,0.65526557,0.5424957
test_0559,0.52371424,0.5726604,0.50772274,0.54660976
test_0560,0.5468975,0.57961935,0.58589345,0.55210227
test_0561,0.5602867,0.5134675,0.5136643,0.5726604
test_0562,0.65526557,0.51761323,0.5312397,0.51324147
test_0563,0.5228496,0.5034998,0.5134675,0.5450647
test_0564,0.55210227,0.49901965,0.5134675,0.5424957
test_0565,0.5331021,0.52366084,0.5622755,0.65526557
test_0566,0.51157063,0.50349975,0.52366084,0.56105006
test_0567,0.5726604,0.51324147,0.54660976,0.5622755
test_0568,0.55210227,0.52325225,0.5450646,0.50349975
test_0569,0.5602867,0.5134675,0.5526085,0.54660976
test_0570,0.5765546,0.52366084,0.47142547,0.51324147
test_0571,0.5622755,0.56055814,0.51157063,0.65526557
test_0572,0.50349975,0.5136643,0.47142547,0.5468975
test_0573,0.51324147,0.50349975,0.5134675,0.5726604
test_0574,0.5312397,0.63155746,0.5726604,0.5765546
test_0575,0.56055814,0.56083584,0.5134675,0.5602867
test_0576,0.6095362,0.63430595,0.7426462,0.6213476
test_0577,0.67151946,0.65254885,0.6473884,0.6382801
test_0578,0.57137066,0.6473884,0.6627099,0.75491154
test_0579,0.65732944,0.6021973,0.7426462,0.64999163
test_0580,0.6213476,0.6627099,0.66357785,0.60507715
test_0581,0.59817606,0.6390564,0.66427773,0.67429113
test_0582,0.649653,0.66692334,0.6158705,0.6095362
test_0583,0.65254885,0.75491154,0.64999163,0.6066719
test_0584,0.6627099,0.649653,0.6605283,0.66357785
test_0585,0.6612864,0.6591448,0.66427773,0.64636296
test_0586,0.6158705,0.63430595,0.6143002,0.6591448
test_0587,0.65254885,0.6591448,0.6473884,0.69221926
test_0588,0.6382801,0.5685214,0.64999163,0.6895943
test_0589,0.6605283,0.64636296,0.6158705,0.6095362
test_0590,0.6143002,0.67151946,0.60507715,0.69221926
test_0591,0.6021972,0.6627099,0.6066719,0.60315615
test_0592,0.6390564,0.6021973,0.66673315,0.68733615
test_0593,0.65254885,0.66692334,0.7426462,0.67151946
test_0594,0.649653,0.68228537,0.6895943,0.67151946
test_0595,0.57137066,0.6591448,0.59817606,0.67151946
test_0596,0.64999163,0.6021973,0.66673315,0.69221926
test_0597,0.649653,0.66673315,0.6473884,0.60507715
test_0598,0.75491154,0.6158705,0.57137066,0.6230761
test_0599,0.6213476,0.6612864,0.60507715,0.6095362
test_0600,0.6213476,0.57137066,0.59817606,0.65732944
test_0601,0.68228537,0.75491154,0.66692334,0.7426462
test_0602,0.7426462,0.6895943,0.6605283,0.68228537
test_0603,0.66387314,0.57137066,0.6390564,0.5685214
test_0604,0.59817606,0.649653,0.75491154,0.67151946
test_0605,0.68733615,0.6021973,0.57137066,0.65732944
test_0606,0.6382801,0.67429113,0.67151946,0.6612864
test_0607,0.59817606,0.57137066,0.67151946,0.65254885
test_0608,0.60507715,0.63165337,0.6605283,0.6143002
test_0609,0.55518275,0.6233675,0.6350516,0.5371361
test_0610,0.6029285,0.59012,0.55971897,0.5955781
test_0611,0.59310144,0.53908336,0.5613843,0.5714036
test_0612,0.57266605,0.6111058,0.51931703,0.53284526
test_0613,0.61061764,0.5779246,0.60947174,0.5618705
test_0614,0.54390246,0.59037405,0.5534336,0.5381575
test_0615,0.56712383,0.5524555,0.6011882,0.5314966
test_0616,0.51373774,0.56936073,0.53693885,0.5581946
test_0617,0.55026627,0.5468556,0.5670297,0.5275245
test_0618,0.6552252,0.6513212,0.58508635,0.6069869
test_0619,0.5134821,0.59623337,0.5317115,0.56617934
test_0620,0.5532258,0.6110805,0.6190631,0.5286926
test_0621,0.5405448,0.5712632,0.5158317,0.5548811
test_0622,0.6385072,0.69032633,0.5788542,0.6290234
test_0623,0.5286809,0.5989701,0.60767895,0.5406028
test_0624,0.5243378,0.5158744,0.5433508,0.5503991
test_0625,0.58936816,0.6073929,0.60623324,0.5742446
test_0626,0.66203904,0.5988026,0.6336573,0.5916896
test_0627,0.5486401,0.6164086,0.5809564,0.5798281
test_0628,0.50005156,0.5463174,0.6069912,0.5586872
test_0629,0.57175684,0.58331853,0.5524208,0.622725
test_0630,0.5414393,0.5681203,0.5840121,0.5757301
test_0631,0.5326427,0.6766583,0.6370773,0.56203216
test_0632,0.53184325,0.57080024,0.60005295,0.51886255
test_0633,0.6861097,0.60601014,0.54572815,0.5977294
test_0634,0.6307999,0.54512936,0.59299684,0.53770715
test_0635,0.5050702,0.5443158,0.58495253,0.5383412
test_0636,0.5134821,0.54753435,0.50809115,0.5591591
test_0637,0.5088192,0.5092998,0.5316853,0.5466764
test_0638,0.60100543,0.5949172,0.5936336,0.61183226
test_0639,0.56978565,0.56615067,0.5510457,0.54277873
test_0640,0.5542721,0.55536467,0.55848557,0.5521619
test_0641,0.89032394,0.89545405,0.8884629,0.9104547
test_0642,0.89804673,0.89661574,0.8880012,0.9104547
test_0643,0.88324094,0.8998849,0.8855956,0.8880012
test_0644,0.8817738,0.9104547,0.88246953,0.88440186
test_0645,0.89279926,0.89660186,0.87565386,0.8884629
test_0646,0.90439487,0.9104547,0.89660186,0.8998849
test_0647,0.88100666,0.8852171,0.89189225,0.8960564
test_0648,0.88324094,0.8966898,0.89660186,0.9104547
test_0649,0.9104547,0.87565386,0.89605325,0.88324094
test_0650,0.38701952,0.37355453,0.412018,0.3938813
test_0651,0.4006184,0.3938813,0.41551375,0.37589714
test_0652,0.37232926,0.412018,0.39229602,0.36257756
test_0653,0.38527605,0.3716539,0.41423208,0.38127446
test_0654,0.36182332,0.50122625,0.39926505,0.40673995
test_0655,0.3938813,0.40875152,0.41195554,0.37991714
test_0656,0.38014108,0.3938813,0.41423208,0.37414458
test_0657,0.40673995,0.36182332,0.37991714,0.37355453
test_0658,0.41551375,0.37232926,0.38940936,0.4614
test_0659,0.3716539,0.37355453,0.41423208,0.3782522
test_0660,0.40185702,0.41195554,0.37287638,0.412018
test_0661,0.4168274,0.37414458,0.39685658,0.37526333
test_0662,0.42122304,0.37589714,0.38940936,0.3938813
test_0663,0.41423208,0.3782522,0.37355453,0.37283567
test_0664,0.42122304,0.37991714,0.3716539,0.41551375
test_0665,0.41423208,0.37506232,0.42122304,0.36832774
test_0666,0.41423208,0.412018,0.4168274,0.3531677
test_0667,0.40673995,0.39229602,0.38014108,0.412018
test_0668,0.40673995,0.41551375,0.41195554,0.412018
test_0669,0.3809928,0.37526333,0.42122304,0.38701952
test_0670,0.38127446,0.37232926,0.3838945,0.38701952
test_0671,0.38841,0.41195554,0.3840293,0.37355453
test_0672,0.41423208,0.41195554,0.38940936,0.38586485
test_0673,0.4168274,0.39685664,0.37506235,0.42122313
test_0674,0.4168274,0.4142321,0.41201803,0.40185708
test_0675,0.3870196,0.4614,0.41433695,0.40875143
test_0676,0.39685664,0.4142321,0.42122313,0.40673998
test_0677,0.37287638,0.42122313,0.41201803,0.36182326
test_0678,0.38127446,0.37165406,0.42122313,0.4142321
test_0679,0.3870196,0.36182326,0.42122313,0.4155138
test_0680,0.39685664,0.37355462,0.40673998,0.3870196
test_0681,0.40061846,0.41195568,0.3728358,0.3851906
test_0682,0.41201803,0.41195568,0.37165406,0.4142321
